id,lastmod
Q44329,2022-12-01T02:19:21Z
Q118725,2022-11-25T08:44:29Z
Q231637,2022-09-04T14:50:10Z
Q307237,2022-11-26T03:27:05Z
Q336406,2022-09-27T06:17:29Z
Q353713,2022-09-15T13:41:24Z
Q354642,2022-09-15T13:35:37Z
Q369251,2022-11-25T07:36:42Z
Q403471,2022-02-05T17:53:15Z
Q403707,2022-11-25T07:36:42Z
Q456977,2022-11-25T07:36:43Z
Q686595,2022-11-15T22:29:20Z
Q713715,2022-09-15T13:38:06Z
Q713915,2022-11-03T06:15:31Z
Q741727,2022-11-26T03:57:22Z
Q918978,2022-12-04T16:38:23Z
Q984486,2022-11-27T11:54:28Z
Q1334803,2022-09-15T15:02:36Z
Q1359497,2022-11-26T04:19:17Z
Q1392054,2022-12-04T16:39:47Z
Q1588608,2022-11-26T03:53:06Z
Q1694182,2022-09-28T16:24:07Z
Q1884964,2022-09-15T12:57:09Z
Q1942655,2022-04-16T00:37:00Z
Q2121339,2022-09-15T13:17:25Z
Q2836110,2022-11-15T14:03:24Z
Q3277843,2022-09-15T13:15:40Z
Q3430000,2022-11-22T14:54:10Z
Q4120447,2022-09-04T12:12:21Z
Q4664575,2022-09-15T13:14:28Z
Q4666080,2022-09-15T13:24:45Z
Q4724539,2022-04-18T07:30:08Z
Q4724546,2022-12-06T19:00:16Z
Q4724843,2022-05-07T23:19:18Z
Q4866775,2022-08-31T16:52:10Z
Q4868003,2022-05-07T22:52:28Z
Q5431067,2022-09-15T15:12:00Z
Q6001983,2022-09-26T18:21:38Z
Q6751840,2022-09-15T14:58:08Z
Q6892556,2022-09-15T13:18:45Z
Q6892558,2022-09-15T13:22:51Z
Q6892565,2022-09-15T13:23:18Z
Q6892847,2022-09-15T14:57:08Z
Q7398853,2022-10-31T19:02:33Z
Q8075029,2022-09-15T12:55:38Z
Q12180950,2022-06-10T02:10:20Z
Q12199735,2022-10-24T12:12:24Z
Q12214743,2022-09-14T16:32:41Z
Q12216136,2022-05-07T22:51:23Z
Q15126787,2022-09-15T13:13:29Z
Q16230480,2022-09-15T14:05:19Z
Q18217778,2022-11-27T12:30:25Z
Q24572906,2022-09-18T22:43:08Z
Q41229317,2022-10-15T00:39:27Z
Q42904593,2022-09-15T13:29:59Z
Q55104096,2022-09-16T22:27:16Z
Q60455401,2022-10-31T06:47:42Z
Q60455444,2022-09-15T14:57:58Z
Q60564584,2022-09-15T15:10:12Z
Q60572712,2022-11-27T12:37:06Z
Q60572925,2022-09-15T14:56:52Z
Q85874875,2022-09-15T14:57:48Z
Q98796946,2022-09-15T14:56:58Z
Q98798381,2022-09-15T14:57:52Z
Q98798395,2022-09-15T14:58:40Z
Q98798406,2022-09-15T15:12:23Z
Q98798423,2022-09-15T14:57:34Z
Q98798433,2022-09-15T14:56:29Z
Q98798445,2022-09-15T15:06:39Z
Q98798457,2022-09-15T14:58:30Z
Q98798467,2022-09-15T14:58:37Z
Q98798481,2022-09-15T14:58:03Z
Q98798488,2022-09-15T14:57:23Z
Q98798493,2022-09-15T14:56:36Z
Q98798533,2022-09-15T14:57:02Z
Q98798540,2022-09-15T14:57:44Z
Q98807064,2022-09-15T14:57:14Z
Q98908359,2022-09-04T12:14:06Z
Q100499032,2022-11-23T20:35:37Z
Q107042002,2022-09-15T14:45:50Z
Q108092707,2022-09-15T14:41:42Z
Q109026826,2022-09-15T14:45:54Z
Q109117280,2022-09-15T14:42:19Z
Q110093859,2022-09-15T14:56:40Z
Q110158344,2022-09-15T14:58:15Z
Q110158645,2022-09-15T14:41:31Z
Q110176262,2022-09-15T15:06:44Z
Q111748038,2022-12-06T22:08:50Z
Q111995588,2022-09-14T16:01:45Z
Q112056330,2022-09-15T15:06:52Z
Q112056331,2022-09-15T15:06:48Z
Q112704278,2022-09-15T15:19:00Z
Q113000799,2022-09-18T02:21:25Z
Q113989404,2022-09-15T13:30:59Z
Q113989405,2022-09-16T12:40:54Z
Q113989511,2022-10-16T08:35:25Z
Q113989512,2022-10-16T08:35:25Z
Q113989513,2022-10-16T08:35:26Z
Q113989653,2022-09-18T02:21:25Z
Q113989669,2022-09-18T02:21:25Z
